<assembly xmlns="http://maven.apache.org/ASSEMBLY/2.1.0"
	xmlns:xsi="http://www.w3.org/2001/XMLSchema-instance"
	xsi:schemaLocation="http://maven.apache.org/ASSEMBLY/2.1.0 http://maven.apache.org/xsd/assembly-2.1.0.xsd">
	<id>blueprint</id>
	<formats>
		<format>zip</format>
	</formats>
	<fileSets>
		<fileSet>
			<directory>${project.basedir}/src</directory>
			<outputDirectory>src/</outputDirectory>
		</fileSet>
		<fileSet>
			<directory>${project.basedir}/docs</directory>
			<outputDirectory>docs/</outputDirectory>
			<includes>
				<include>*.pdf</include>
			</includes>
			<excludes>
				<exclude>Modul*.*</exclude>
			</excludes>			
		</fileSet>		
	</fileSets>
	<files>
		<file>
			<source>${project.basedir}/pom.xml</source>
			<outputDirectory></outputDirectory>
		</file>
	</files>
</assembly>
