<assembly xmlns="http://maven.apache.org/ASSEMBLY/2.1.0"
	xmlns:xsi="http://www.w3.org/2001/XMLSchema-instance"
	xsi:schemaLocation="http://maven.apache.org/ASSEMBLY/2.1.0 http://maven.apache.org/xsd/assembly-2.1.0.xsd">
	<id>submission</id>
	<formats>
		<format>zip</format>
	</formats>
	<fileSets>
		<fileSet>
			<directory>${project.basedir}/src/main</directory>
			<outputDirectory>src/main/</outputDirectory>
		</fileSet>
	</fileSets>
	<files>
		<file>
			<source>${project.basedir}/pom.xml</source>
			<outputDirectory></outputDirectory>
		</file>
	</files>
</assembly>
